{"cameraMode":{"drawMode":0,"name":"Shaded","section":"Shading Mode"},"sceneLighting":true,"audioPlay":false,"sceneViewState":{"showFog":true,"showMaterialUpdate":true,"showSkybox":true,"showFlares":true,"showImageEffects":true,"showParticleSystems":true},"in2DMode":false,"pivot":{"x":367.0993957519531,"y":417.0578918457031,"z":-179.4039306640625},"rotation":{"x":-0.02399373985826969,"y":0.018289972096681596,"z":0.00043913329136557877,"w":0.9995462894439697},"size":1125.1307373046875,"orthographic":false}