{"cameraMode":{"drawMode":0,"name":"Shaded","section":"Shading Mode"},"sceneLighting":true,"audioPlay":false,"sceneViewState":{"showFog":true,"showMaterialUpdate":false,"showSkybox":false,"showFlares":true,"showImageEffects":true,"showParticleSystems":true},"in2DMode":false,"pivot":{"x":-4.8236541748046879,"y":1.5805339813232422,"z":3.4252233505249025},"rotation":{"x":-0.21408027410507203,"y":-0.06968017667531967,"z":0.015313086099922657,"w":-0.974210262298584},"size":12.003111839294434,"orthographic":false}